Artist,Title,Link
Julius Caesar Ibbetson,"A Distant View Of Llantrisant Castle, Glamorganshire, With Figures Seated In The Foreground",https://www.oilpaintings.com/julius-caesar-ibbetson-paintings-a-distant-view-of-llantrisant-castle-glamorganshire-with-figures-seated-in-the-foreground
Julius Caesar Ibbetson,George Biggins' Ascent in Lunardi' Balloon,https://www.oilpaintings.com/julius-caesar-ibbetson-paintings-george-biggins-ascent-in-lunardi-balloon
Gustave Igler,Baby Doll's Dinner,https://www.oilpaintings.com/gustave-igler-paintings-baby-dolls-dinner
Peter Vilhelm Ilsted,The Dining Room,https://www.oilpaintings.com/peter-vilhelm-ilsted-paintings-the-dining-room
Peter Vilhelm Ilsted,The Open Door,https://www.oilpaintings.com/peter-vilhelm-ilsted-paintings-the-open-door
Peter Vilhelm Ilsted,Looking Out The Window,https://www.oilpaintings.com/peter-vilhelm-ilsted-paintings-looking-out-the-window
Peter Vilhelm Ilsted,Ved Vinduet,https://www.oilpaintings.com/peter-vilhelm-ilsted-paintings-ved-vinduet
Peter Vilhelm Ilsted,Two of the Artist's Daughters At Liselund,https://www.oilpaintings.com/peter-vilhelm-ilsted-paintings-two-of-the-artists-daughters-at-liselund
John William Inchbold,A Study In March In Early Spring,https://www.oilpaintings.com/john-william-inchbold-paintings-a-study-in-march-in-early-spring
John William Inchbold,"Springtime in Spain, near Gordella",https://www.oilpaintings.com/john-william-inchbold-paintings-springtime-in-spain-near-gordella
Filippo Indoni,Afternoon Idyll,https://www.oilpaintings.com/filippo-indoni-paintings-afternoon-idyll
Filippo Indoni,Loves Light,https://www.oilpaintings.com/filippo-indoni-paintings-loves-light
Filippo Indoni,The Declaration,https://www.oilpaintings.com/filippo-indoni-paintings-the-declaration
Filippo Indoni,The Rustic Concert,https://www.oilpaintings.com/filippo-indoni-paintings-the-rustic-concert
Filippo Indoni,The River Crossing,https://www.oilpaintings.com/filippo-indoni-paintings-the-river-crossing
Domenico Induno,The Old Musician,https://www.oilpaintings.com/domenico-induno-paintings-the-old-musician
Gerolamo Induno,Domestic Scene ,https://www.oilpaintings.com/gerolamo-induno-paintings-domestic-scene
Gerolamo Induno,La Bataille de Magenta ,https://www.oilpaintings.com/gerolamo-induno-paintings-la-bataille-de-magenta
Gerolamo Induno,The Chess Game,https://www.oilpaintings.com/gerolamo-induno-paintings-the-chess-game
Gerolamo Induno,Il Baciamano Alla Carrozza,https://www.oilpaintings.com/gerolamo-induno-paintings-il-baciamano-alla-carrozza
Gerolamo Induno,The Private Recital,https://www.oilpaintings.com/gerolamo-induno-paintings-the-private-recital
Gerolamo Induno,The Volunteers Bid Farewell,https://www.oilpaintings.com/gerolamo-induno-paintings-the-volunteers-bid-farewell
Gerolamo Induno,Il Quartier Generale dei Piemontesi in Crimea,https://www.oilpaintings.com/gerolamo-induno-paintings-il-quartier-generale-dei-piemontesi-in-crimea
Gerolamo Induno,The Return of the Soldier,https://www.oilpaintings.com/gerolamo-induno-paintings-the-return-of-the-soldier
Gerolamo Induno,The Soldier's Return,https://www.oilpaintings.com/gerolamo-induno-paintings-the-soldiers-return
Charles Cromwell Ingham,Benjamin Moore McVickar,https://www.oilpaintings.com/charles-cromwell-ingham-paintings-benjamin-moore-mcvickar
Charles Cromwell Ingham,Shipwreck,https://www.oilpaintings.com/charles-cromwell-ingham-paintings-shipwreck
Charles Cromwell Ingham,Little Girl with Flowers Amelia Palmer,https://www.oilpaintings.com/charles-cromwell-ingham-paintings-little-girl-with-flowers-amelia-palmer
Charles Cromwell Ingham,Mrs. Luman Reed,https://www.oilpaintings.com/charles-cromwell-ingham-paintings-mrs-luman-reed
Charles Cromwell Ingham,Mrs. David Cadwallader Colden,https://www.oilpaintings.com/charles-cromwell-ingham-paintings-mrs-david-cadwallader-colden
Jose Aparicio Inglada,Baronesa,https://www.oilpaintings.com/josac-aparicio-inglada-paintings-baronesa
Jorge Ingles,Saint Preaching,https://www.oilpaintings.com/jorge-inglacs-paintings-saint-preaching
Jean-Auguste-Dominique Ingres,La Grande Odalisque,https://www.oilpaintings.com/jean-auguste-dominique-ingres-paintings-la-grande-odalisque
Jean-Auguste-Dominique Ingres,Achilles Receiving the Envoys of Agamemnon,https://www.oilpaintings.com/jean-auguste-dominique-ingres-paintings-achilles-receiving-the-envoys-of-agamemnon
Jean-Auguste-Dominique Ingres,The Death of Leonardi da Vinci,https://www.oilpaintings.com/jean-auguste-dominique-ingres-paintings-the-death-of-leonardi-da-vinci
Jean-Auguste-Dominique Ingres,Princess Pauline-Eleonore de Broglie,https://www.oilpaintings.com/jean-auguste-dominique-ingres-paintings-princess-pauline-eleonore-de-broglie
Jean-Auguste-Dominique Ingres,Angelique,https://www.oilpaintings.com/jean-auguste-dominique-ingres-paintings-angelique
Jean-Auguste-Dominique Ingres,Academic Study of a Male Torse,https://www.oilpaintings.com/jean-auguste-dominique-ingres-paintings-academic-study-of-a-male-torse
Jean-Auguste-Dominique Ingres,Auguste-Jean-Marie Guenepin,https://www.oilpaintings.com/jean-auguste-dominique-ingres-paintings-auguste-jean-marie-guenepin
Jean-Auguste-Dominique Ingres,Madame d'Haussonville,https://www.oilpaintings.com/jean-auguste-dominique-ingres-paintings-madame-dhaussonville
Jean-Auguste-Dominique Ingres,Charles Hayard and His Daughter Marguerite,https://www.oilpaintings.com/jean-auguste-dominique-ingres-paintings-charles-hayard-and-his-daughter-marguerite
Jean-Auguste-Dominique Ingres,"Edmond Ramel and His Wife, Born Irma Donbernard",https://www.oilpaintings.com/jean-auguste-dominique-ingres-paintings-edmond-ramel-and-his-wife-born-irma-donbernard
Jean-Auguste-Dominique Ingres,"Baronne James de Rothschild, nee Betty von Rothschild",https://www.oilpaintings.com/jean-auguste-dominique-ingres-paintings-baronne-james-de-rothschild-nee-betty-von-rothschild
Jean-Auguste-Dominique Ingres,"Madame Guillaume Mallet, Born Anne Julie Houel",https://www.oilpaintings.com/jean-auguste-dominique-ingres-paintings-madame-guillaume-mallet-born-anne-julie-houel
Jean-Auguste-Dominique Ingres,Alexander Baillie,https://www.oilpaintings.com/jean-auguste-dominique-ingres-paintings-alexander-baillie
Jean-Auguste-Dominique Ingres,Antoine Thomeguex,https://www.oilpaintings.com/jean-auguste-dominique-ingres-paintings-antoine-thomeguex
Jean-Auguste-Dominique Ingres,Napoleon Bonaparte in the Uniform of the First Consul,https://www.oilpaintings.com/jean-auguste-dominique-ingres-paintings-napoleon-bonaparte-in-the-uniform-of-the-first-consul
Jean-Auguste-Dominique Ingres,Comte Amedee-David de Pastoret,https://www.oilpaintings.com/jean-auguste-dominique-ingres-paintings-comte-amedee-david-de-pastoret
Jean-Auguste-Dominique Ingres,Caroline Riviere,https://www.oilpaintings.com/jean-auguste-dominique-ingres-paintings-caroline-riviere
Jean-Auguste-Dominique Ingres,Antonia Duvaucey de Nittis,https://www.oilpaintings.com/jean-auguste-dominique-ingres-paintings-antonia-duvaucey-de-nittis
Jean-Auguste-Dominique Ingres,Alexis Rene Le Go,https://www.oilpaintings.com/jean-auguste-dominique-ingres-paintings-alexis-rene-le-go
Jean-Auguste-Dominique Ingres,Christ Giving Peter the Keys of Paradise,https://www.oilpaintings.com/jean-auguste-dominique-ingres-paintings-christ-giving-peter-the-keys-of-paradise
Jean-Auguste-Dominique Ingres,Charles Thomas Thruston,https://www.oilpaintings.com/jean-auguste-dominique-ingres-paintings-charles-thomas-thruston
Jean-Auguste-Dominique Ingres,Bonaparte as First Consul,https://www.oilpaintings.com/jean-auguste-dominique-ingres-paintings-bonaparte-as-first-consul
Jean-Auguste-Dominique Ingres,"Andre Benoit Barreau, Called Taurel",https://www.oilpaintings.com/jean-auguste-dominique-ingres-paintings-andre-benoit-barreau-called-taurel
Jean-Auguste-Dominique Ingres,"Comtes de Tournon, nee Genevieve de Seytres Caumont",https://www.oilpaintings.com/jean-auguste-dominique-ingres-paintings-comtes-de-tournon-nee-genevieve-de-seytres-caumont
Jean-Auguste-Dominique Ingres,Charles Francois Mallet,https://www.oilpaintings.com/jean-auguste-dominique-ingres-paintings-charles-francois-mallet
Jean-Auguste-Dominique Ingres,"Carolline Murat, Queen of Naples",https://www.oilpaintings.com/jean-auguste-dominique-ingres-paintings-carolline-murat-queen-of-naples
Jean-Auguste-Dominique Ingres,Napoleon I on His Imperial Throne,https://www.oilpaintings.com/jean-auguste-dominique-ingres-paintings-napoleon-i-on-his-imperial-throne
Jean-Auguste-Dominique Ingres,Raphael and La Fornarina,https://www.oilpaintings.com/jean-auguste-dominique-ingres-paintings-raphael-and-la-fornarina
Jean-Auguste-Dominique Ingres,Charles Thevenin,https://www.oilpaintings.com/jean-auguste-dominique-ingres-paintings-charles-thevenin
Jean-Auguste-Dominique Ingres,Madame Marie Marcotte ,https://www.oilpaintings.com/jean-auguste-dominique-ingres-paintings-madame-marie-marcotte
Jean-Auguste-Dominique Ingres,"Comtesse Charles d'Agoult, nee Marie de Flavigny, and Her Daughter Claire d'Agoult",https://www.oilpaintings.com/jean-auguste-dominique-ingres-paintings-comtesse-charles-dagoult-nee-marie-de-flavigny-and-her-daughter-claire-dagoult
Jean-Auguste-Dominique Ingres,"Delphine Ramel, Madame Ingres",https://www.oilpaintings.com/jean-auguste-dominique-ingres-paintings-delphine-ramel-madame-ingres
Jean-Auguste-Dominique Ingres,Charles Robert Cockerell,https://www.oilpaintings.com/jean-auguste-dominique-ingres-paintings-charles-robert-cockerell
Jean-Auguste-Dominique Ingres,Jupiter and Thetis,https://www.oilpaintings.com/jean-auguste-dominique-ingres-paintings-jupiter-and-thetis-19215
Jean-Auguste-Dominique Ingres,Copy after Ingres's 1804 Self-Portrait,https://www.oilpaintings.com/jean-auguste-dominique-ingres-paintings-copy-after-ingress-1804-self-portrait
Jean-Auguste-Dominique Ingres,Felix Leblanc,https://www.oilpaintings.com/jean-auguste-dominique-ingres-paintings-felix-leblanc
Jean-Auguste-Dominique Ingres,Male Torso,https://www.oilpaintings.com/jean-auguste-dominique-ingres-paintings-male-torso
Jean-Auguste-Dominique Ingres,Odalisque with Female Slave,https://www.oilpaintings.com/jean-auguste-dominique-ingres-paintings-odalisque-with-female-slave
Jean-Auguste-Dominique Ingres,Odalisque with a Slave,https://www.oilpaintings.com/jean-auguste-dominique-ingres-paintings-odalisque-with-a-slave
Jean-Auguste-Dominique Ingres,Charles-Marie-Jean-Baptiste Marcotte (Marcotte d'Argenteuil),https://www.oilpaintings.com/jean-auguste-dominique-ingres-paintings-charles-marie-jean-baptiste-marcotte-marcotte-dargenteuil
Jean-Auguste-Dominique Ingres,Charles X Inn His Coronation Robes,https://www.oilpaintings.com/jean-auguste-dominique-ingres-paintings-charles-x-inn-his-coronation-robes
Jean-Auguste-Dominique Ingres,Half-Figure of a Bather,https://www.oilpaintings.com/jean-auguste-dominique-ingres-paintings-half-figure-of-a-bather
Jean-Auguste-Dominique Ingres,Niccolo Paganini,https://www.oilpaintings.com/jean-auguste-dominique-ingres-paintings-niccolo-paganini
Jean-Auguste-Dominique Ingres,Duke Ferdinand-Philippe of Orleans,https://www.oilpaintings.com/jean-auguste-dominique-ingres-paintings-duke-ferdinand-philippe-of-orleans
Jean-Auguste-Dominique Ingres,"Jacques Marquet, Baron de Montbreton de Norvins",https://www.oilpaintings.com/jean-auguste-dominique-ingres-paintings-jacques-marquet-baron-de-montbreton-de-norvins
Jean-Auguste-Dominique Ingres,Francois-Marius Granet,https://www.oilpaintings.com/jean-auguste-dominique-ingres-paintings-francois-marius-granet
Jean-Auguste-Dominique Ingres,Venus Anadyomene,https://www.oilpaintings.com/jean-auguste-dominique-ingres-paintings-venus-anadyomene
Jean-Auguste-Dominique Ingres,Dr. Jean Louis Robin,https://www.oilpaintings.com/jean-auguste-dominique-ingres-paintings-dr-jean-louis-robin
Jean-Auguste-Dominique Ingres,Madame Louis-Francois Bertin,https://www.oilpaintings.com/jean-auguste-dominique-ingres-paintings-madame-louis-francois-bertin
Jean-Auguste-Dominique Ingres,Pere Desmarets,https://www.oilpaintings.com/jean-auguste-dominique-ingres-paintings-pere-desmarets
Jean-Auguste-Dominique Ingres,Louis-Francois Bertin,https://www.oilpaintings.com/jean-auguste-dominique-ingres-paintings-louis-francois-bertin
Jean-Auguste-Dominique Ingres,Jean-Marie-Joseph Ingres,https://www.oilpaintings.com/jean-auguste-dominique-ingres-paintings-jean-marie-joseph-ingres
Jean-Auguste-Dominique Ingres,Detail of the Apotheosis of Homer Victoria,https://www.oilpaintings.com/jean-auguste-dominique-ingres-paintings-detail-of-the-apotheosis-of-homer-victoria
Jean-Auguste-Dominique Ingres,Franz Adolf von Stuerler,https://www.oilpaintings.com/jean-auguste-dominique-ingres-paintings-franz-adolf-von-stuerler
Jean-Auguste-Dominique Ingres,Edme-Francois-Joseph Bochet,https://www.oilpaintings.com/jean-auguste-dominique-ingres-paintings-edme-francois-joseph-bochet
Jean-Auguste-Dominique Ingres,La Grande Baigneuse also known as La Baigneuse de Valpincon,https://www.oilpaintings.com/jean-auguste-dominique-ingres-paintings-la-grande-baigneuse-also-known-as-la-baigneuse-de-valpincon
Jean-Auguste-Dominique Ingres,Perseus and Andromeda,https://www.oilpaintings.com/jean-auguste-dominique-ingres-paintings-perseus-and-andromeda
Jean-Auguste-Dominique Ingres,"Pauline Eleanore de Galard de Brassac de Bearn, Princesse de Broglie",https://www.oilpaintings.com/jean-auguste-dominique-ingres-paintings-pauline-eleanore-de-galard-de-brassac-de-bearn-princesse-de-broglie
Jean-Auguste-Dominique Ingres,Merry Joseph Blondel,https://www.oilpaintings.com/jean-auguste-dominique-ingres-paintings-merry-joseph-blondel
Jean-Auguste-Dominique Ingres,Henry IV Playing with His Children,https://www.oilpaintings.com/jean-auguste-dominique-ingres-paintings-henry-iv-playing-with-his-children
Jean-Auguste-Dominique Ingres,Jean Charles Auguste Simon,https://www.oilpaintings.com/jean-auguste-dominique-ingres-paintings-jean-charles-auguste-simon
Jean-Auguste-Dominique Ingres,Count Nikolai Dmitrievich Gouriev,https://www.oilpaintings.com/jean-auguste-dominique-ingres-paintings-count-nikolai-dmitrievich-gouriev
Jean-Auguste-Dominique Ingres,Marie-Francoise Riviere,https://www.oilpaintings.com/jean-auguste-dominique-ingres-paintings-marie-francoise-riviere
Jean-Auguste-Dominique Ingres,Self Portrait at the Age of 78,https://www.oilpaintings.com/jean-auguste-dominique-ingres-paintings-self-portrait-at-the-age-of-78
Jean-Auguste-Dominique Ingres,Franz Liszt,https://www.oilpaintings.com/jean-auguste-dominique-ingres-paintings-franz-liszt
Jean-Auguste-Dominique Ingres,Dr. Louis Martinet,https://www.oilpaintings.com/jean-auguste-dominique-ingres-paintings-dr-louis-martinet
Jean-Auguste-Dominique Ingres,"Madeleine Ingres, nee Chapelle",https://www.oilpaintings.com/jean-auguste-dominique-ingres-paintings-madeleine-ingres-nee-chapelle
Jean-Auguste-Dominique Ingres,Jean-Francois Giliibert,https://www.oilpaintings.com/jean-auguste-dominique-ingres-paintings-jean-francois-giliibert
Jean-Auguste-Dominique Ingres,Dr. Francois Melier,https://www.oilpaintings.com/jean-auguste-dominique-ingres-paintings-dr-francois-melier
Jean-Auguste-Dominique Ingres,"Madame Frederic Reiset, Born Augustine Modest Hortense Reiset",https://www.oilpaintings.com/jean-auguste-dominique-ingres-paintings-madame-frederic-reiset-born-augustine-modest-hortense-reiset
Jean-Auguste-Dominique Ingres,The Apotheosis of Homer,https://www.oilpaintings.com/jean-auguste-dominique-ingres-paintings-the-apotheosis-of-homer
Jean-Auguste-Dominique Ingres,Dr. Thomas Church,https://www.oilpaintings.com/jean-auguste-dominique-ingres-paintings-dr-thomas-church
Jean-Auguste-Dominique Ingres,"Madame Jacques-Louis Leblanc, nee Francoise Poncelle 1788-1839",https://www.oilpaintings.com/jean-auguste-dominique-ingres-paintings-madame-jacques-louis-leblanc-nee-francoise-poncelle-1788-1839
Jean-Auguste-Dominique Ingres,Luigi Calamatta,https://www.oilpaintings.com/jean-auguste-dominique-ingres-paintings-luigi-calamatta
Jean-Auguste-Dominique Ingres,"Madame Johann Gotthard Reinhold, Born Sophie Amalie Dorothea Wil",https://www.oilpaintings.com/jean-auguste-dominique-ingres-paintings-madame-johann-gotthard-reinhold-born-sophie-amalie-dorothea-wil
Jean-Auguste-Dominique Ingres,"Madame Alexandre Lethiere, Born Rosa Meli, and Her Daughter, Letizia Drawing",https://www.oilpaintings.com/jean-auguste-dominique-ingres-paintings-madame-alexandre-lethiere-born-rosa-meli-and-her-daughter-letizia-drawing
Jean-Auguste-Dominique Ingres,"Mademoiselle Henriette Ursule Claire, Maybe Thevenin, and Her Dog",https://www.oilpaintings.com/jean-auguste-dominique-ingres-paintings-mademoiselle-henriette-ursule-claire-maybe-thevenin-and-her-dog
Jean-Auguste-Dominique Ingres,"Madame Jacques-Louis Leblanc, nee Francoise Poncelle Detail",https://www.oilpaintings.com/jean-auguste-dominique-ingres-paintings-madame-jacques-louis-leblanc-nee-francoise-poncelle-detail
Jean-Auguste-Dominique Ingres,"Ferdinand-Philippe-Louis-Charles-Henri, Duc d'Orleans",https://www.oilpaintings.com/jean-auguste-dominique-ingres-paintings-ferdinand-philippe-louis-charles-henri-duc-dorleans
Jean-Auguste-Dominique Ingres,View of the Villa Medici,https://www.oilpaintings.com/jean-auguste-dominique-ingres-paintings-view-of-the-villa-medici
Jean-Auguste-Dominique Ingres,The Sistine Chapel,https://www.oilpaintings.com/jean-auguste-dominique-ingres-paintings-the-sistine-chapel
Jean-Auguste-Dominique Ingres,"Madame Franz Adolf von Stuerler, born Matilda Jarman",https://www.oilpaintings.com/jean-auguste-dominique-ingres-paintings-madame-franz-adolf-von-stuerler-born-matilda-jarman
Jean-Auguste-Dominique Ingres,Roger Delivering Angelica,https://www.oilpaintings.com/jean-auguste-dominique-ingres-paintings-roger-delivering-angelica
Jean-Auguste-Dominique Ingres,Madame Frederic Reiset,https://www.oilpaintings.com/jean-auguste-dominique-ingres-paintings-madame-frederic-reiset
Jean-Auguste-Dominique Ingres,Jean Baptiste Desdeban,https://www.oilpaintings.com/jean-auguste-dominique-ingres-paintings-jean-baptiste-desdeban
Jean-Auguste-Dominique Ingres,Hygin-Edmond-Ludovic-Auguste Cave,https://www.oilpaintings.com/jean-auguste-dominique-ingres-paintings-hygin-edmond-ludovic-auguste-cave
Jean-Auguste-Dominique Ingres,Lucien Bonaparte,https://www.oilpaintings.com/jean-auguste-dominique-ingres-paintings-lucien-bonaparte
Jean-Auguste-Dominique Ingres,Paul Lemoyne,https://www.oilpaintings.com/jean-auguste-dominique-ingres-paintings-paul-lemoyne
Jean-Auguste-Dominique Ingres,Jacques-Louis Leblanc,https://www.oilpaintings.com/jean-auguste-dominique-ingres-paintings-jacques-louis-leblanc
Jean-Auguste-Dominique Ingres,Roger Fress Angelica,https://www.oilpaintings.com/jean-auguste-dominique-ingres-paintings-roger-fress-angelica
Jean-Auguste-Dominique Ingres,Joseph-Antoine Moltedo,https://www.oilpaintings.com/jean-auguste-dominique-ingres-paintings-joseph-antoine-moltedo
Jean-Auguste-Dominique Ingres,"Princesse Albert de Broglie, nee Josephine-Eleonore-Marie-Pauline de Galard de Brassac de Bearn Detail",https://www.oilpaintings.com/jean-auguste-dominique-ingres-paintings-princesse-albert-de-broglie-nee-josephine-eleonore-marie-pauline-de-galard-de-brassac-de-bearn-detail
Jean-Auguste-Dominique Ingres,Napoleon I on His Imperial Throne Detail,https://www.oilpaintings.com/jean-auguste-dominique-ingres-paintings-napoleon-i-on-his-imperial-throne-detail
Jean-Auguste-Dominique Ingres,The Source,https://www.oilpaintings.com/jean-auguste-dominique-ingres-paintings-the-source
Jean-Auguste-Dominique Ingres,Ines Moitessier,https://www.oilpaintings.com/jean-auguste-dominique-ingres-paintings-ines-moitessier
Jean-Auguste-Dominique Ingres,Mademoiselle Jeanne Hayard,https://www.oilpaintings.com/jean-auguste-dominique-ingres-paintings-mademoiselle-jeanne-hayard
Jean-Auguste-Dominique Ingres,"Madame Victor Baltard, Born Adeline Lequeux, and Her Daughter, Paule Drawing",https://www.oilpaintings.com/jean-auguste-dominique-ingres-paintings-madame-victor-baltard-born-adeline-lequeux-and-her-daughter-paule-drawing
Jean-Auguste-Dominique Ingres,"Madame Clement Boulanger, nee Marie-Elizabeth Blavot, Later Mada",https://www.oilpaintings.com/jean-auguste-dominique-ingres-paintings-madame-clement-boulanger-nee-marie-elizabeth-blavot-later-mada
Jean-Auguste-Dominique Ingres,Henriette Harvey and Her Half Sister Elizabeth Norton,https://www.oilpaintings.com/jean-auguste-dominique-ingres-paintings-henriette-harvey-and-her-half-sister-elizabeth-norton
Jean-Auguste-Dominique Ingres,"Mrs John Mackie, Born Dorothea Sophia de Champs",https://www.oilpaintings.com/jean-auguste-dominique-ingres-paintings-mrs-john-mackie-born-dorothea-sophia-de-champs
Jean-Auguste-Dominique Ingres,"Madame Charles Hayard, Born Jeanne Susanne",https://www.oilpaintings.com/jean-auguste-dominique-ingres-paintings-madame-charles-hayard-born-jeanne-susanne
Jean-Auguste-Dominique Ingres,Paolo et Francesca,https://www.oilpaintings.com/jean-auguste-dominique-ingres-paintings-paolo-et-francesca
Jean-Auguste-Dominique Ingres,Pierre Francois Bernier,https://www.oilpaintings.com/jean-auguste-dominique-ingres-paintings-pierre-francois-bernier
Jean-Auguste-Dominique Ingres,Hippolyte-Francois Devillers,https://www.oilpaintings.com/jean-auguste-dominique-ingres-paintings-hippolyte-francois-devillers
Jean-Auguste-Dominique Ingres,"Duke Ferdinand-Philippe of Orleans, as St. Ferdinand of Castile",https://www.oilpaintings.com/jean-auguste-dominique-ingres-paintings-duke-ferdinand-philippe-of-orleans-as-st-ferdinand-of-castile
Jean-Auguste-Dominique Ingres,Mrs Charles Badham,https://www.oilpaintings.com/jean-auguste-dominique-ingres-paintings-mrs-charles-badham
Jean-Auguste-Dominique Ingres,Madame Aymon also known as La Belle Zelie,https://www.oilpaintings.com/jean-auguste-dominique-ingres-paintings-madame-aymon-also-known-as-la-belle-zelie
Jean-Auguste-Dominique Ingres,Raphael and the Fornarina,https://www.oilpaintings.com/jean-auguste-dominique-ingres-paintings-raphael-and-the-fornarina
Jean-Auguste-Dominique Ingres,"Madame Felix Gallois, Born Nathalie Rose Joachime Bochet",https://www.oilpaintings.com/jean-auguste-dominique-ingres-paintings-madame-felix-gallois-born-nathalie-rose-joachime-bochet
Jean-Auguste-Dominique Ingres,Study for The Golden Age,https://www.oilpaintings.com/jean-auguste-dominique-ingres-paintings-study-for-the-golden-age
Jean-Auguste-Dominique Ingres,Mademoiselle Mary de Borderieux,https://www.oilpaintings.com/jean-auguste-dominique-ingres-paintings-mademoiselle-mary-de-borderieux
Jean-Auguste-Dominique Ingres,"Madame Hippolyte Flandrin, Born Aimee Caroline Ancelot",https://www.oilpaintings.com/jean-auguste-dominique-ingres-paintings-madame-hippolyte-flandrin-born-aimee-caroline-ancelot
Jean-Auguste-Dominique Ingres,Madame Duvaucey,https://www.oilpaintings.com/jean-auguste-dominique-ingres-paintings-madame-duvaucey
Jean-Auguste-Dominique Ingres,Jean Pierre Cortot,https://www.oilpaintings.com/jean-auguste-dominique-ingres-paintings-jean-pierre-cortot
Jean-Auguste-Dominique Ingres,Guillaume Guillon Lethiere,https://www.oilpaintings.com/jean-auguste-dominique-ingres-paintings-guillaume-guillon-lethiere
Jean-Auguste-Dominique Ingres,Study for The Martyrdom of St. Symphorien,https://www.oilpaintings.com/jean-auguste-dominique-ingres-paintings-study-for-the-martyrdom-of-st-symphorien
Jean-Auguste-Dominique Ingres,"Madame Jacquelles Louis Leblanc, Born Francoise Poncelle",https://www.oilpaintings.com/jean-auguste-dominique-ingres-paintings-madame-jacquelles-louis-leblanc-born-francoise-poncelle
Jean-Auguste-Dominique Ingres,The Cosimo Andrea Lazzerini Family,https://www.oilpaintings.com/jean-auguste-dominique-ingres-paintings-the-cosimo-andrea-lazzerini-family
Jean-Auguste-Dominique Ingres,"Madame Louis Francois Godinot, born Victoire Pauline Thiolliere de L'Isle",https://www.oilpaintings.com/jean-auguste-dominique-ingres-paintings-madame-louis-francois-godinot-born-victoire-pauline-thiolliere-de-lisle
Jean-Auguste-Dominique Ingres,The Martyrdom of St. Symphorian,https://www.oilpaintings.com/jean-auguste-dominique-ingres-paintings-the-martyrdom-of-st-symphorian
Jean-Auguste-Dominique Ingres,"Jospeh Woodheda and His Wife, Born Harriet Comber, and Her Brother",https://www.oilpaintings.com/jean-auguste-dominique-ingres-paintings-jospeh-woodheda-and-his-wife-born-harriet-comber-and-her-brother
Jean-Auguste-Dominique Ingres,Pierre Marie Francois de Sales Baillot,https://www.oilpaintings.com/jean-auguste-dominique-ingres-paintings-pierre-marie-francois-de-sales-baillot
Jean-Auguste-Dominique Ingres,The Kaunitz Sisters,https://www.oilpaintings.com/jean-auguste-dominique-ingres-paintings-the-kaunitz-sisters
Jean-Auguste-Dominique Ingres,Madame Henri Gonse,https://www.oilpaintings.com/jean-auguste-dominique-ingres-paintings-madame-henri-gonse
Jean-Auguste-Dominique Ingres,"Madame Jean Auguste Dominique Ingres, Born Madeleine Chapelle",https://www.oilpaintings.com/jean-auguste-dominique-ingres-paintings-madame-jean-auguste-dominique-ingres-born-madeleine-chapelle
Jean-Auguste-Dominique Ingres,"Madame Charles Gounod, born Anna Zimmermann",https://www.oilpaintings.com/jean-auguste-dominique-ingres-paintings-madame-charles-gounod-born-anna-zimmermann
Jean-Auguste-Dominique Ingres,"Madame Paul-Sigisbert Moitessier, nee Marie-Clotilde-Ines de Foucauld, Seated Detail",https://www.oilpaintings.com/jean-auguste-dominique-ingres-paintings-madame-paul-sigisbert-moitessier-nee-marie-clotilde-ines-de-foucauld-seated-detail
Jean-Auguste-Dominique Ingres,Marie Marcoz later Vicomtesse de Senonnes,https://www.oilpaintings.com/jean-auguste-dominique-ingres-paintings-marie-marcoz-later-vicomtesse-de-senonnes
Jean-Auguste-Dominique Ingres,The Painter Francois-Marius Granet,https://www.oilpaintings.com/jean-auguste-dominique-ingres-paintings-the-painter-francois-marius-granet
Jean-Auguste-Dominique Ingres,Lorenzo Bartolini,https://www.oilpaintings.com/jean-auguste-dominique-ingres-paintings-lorenzo-bartolini
Jean-Auguste-Dominique Ingres,Study for 'Venus a Paphos',https://www.oilpaintings.com/jean-auguste-dominique-ingres-paintings-study-for-venus-a-paphos
Jean-Auguste-Dominique Ingres,"Lord Graham, Thomas Philip Robinson",https://www.oilpaintings.com/jean-auguste-dominique-ingres-paintings-lord-graham-thomas-philip-robinson
Jean-Auguste-Dominique Ingres,The Valpincon Bather,https://www.oilpaintings.com/jean-auguste-dominique-ingres-paintings-the-valpincon-bather
Jean-Auguste-Dominique Ingres,"Lady William Henry Cavendish Bentinck, born Lady Mary Acheson",https://www.oilpaintings.com/jean-auguste-dominique-ingres-paintings-lady-william-henry-cavendish-bentinck-born-lady-mary-acheson
Jean-Auguste-Dominique Ingres,"Madame Jean Auguste Dominique Ingres, Born Delphine Ramel",https://www.oilpaintings.com/jean-auguste-dominique-ingres-paintings-madame-jean-auguste-dominique-ingres-born-delphine-ramel
Jean-Auguste-Dominique Ingres,The Architect Jean-Baptiste Desdeban,https://www.oilpaintings.com/jean-auguste-dominique-ingres-paintings-the-architect-jean-baptiste-desdeban
Jean-Auguste-Dominique Ingres,"Madame Aymon, known as La Belle Zelie",https://www.oilpaintings.com/jean-auguste-dominique-ingres-paintings-madame-aymon-known-as-la-belle-zelie
Jean-Auguste-Dominique Ingres,Queen Caroline Murat,https://www.oilpaintings.com/jean-auguste-dominique-ingres-paintings-queen-caroline-murat
Jean-Auguste-Dominique Ingres,Monsignor Gabriel Cortois de Pressigny,https://www.oilpaintings.com/jean-auguste-dominique-ingres-paintings-monsignor-gabriel-cortois-de-pressigny
Jean-Auguste-Dominique Ingres,The Betrothal of Raphael and the Niece of Cardinal Bibbiena,https://www.oilpaintings.com/jean-auguste-dominique-ingres-paintings-the-betrothal-of-raphael-and-the-niece-of-cardinal-bibbiena
Jean-Auguste-Dominique Ingres,Mademoiselle Cecile Panckoucke,https://www.oilpaintings.com/jean-auguste-dominique-ingres-paintings-mademoiselle-cecile-panckoucke
Jean-Auguste-Dominique Ingres,"Madame Philibert Riviere, nee Marie-Francoise-Jacquette-Bibiane Blot de Beauregard",https://www.oilpaintings.com/jean-auguste-dominique-ingres-paintings-madame-philibert-riviere-nee-marie-francoise-jacquette-bibiane-blot-de-beauregard
Jean-Auguste-Dominique Ingres,"John Russel, Sixth Duke of Bedford",https://www.oilpaintings.com/jean-auguste-dominique-ingres-paintings-john-russel-sixth-duke-of-bedford
Jean-Auguste-Dominique Ingres,Jean Francois Antoine Forest,https://www.oilpaintings.com/jean-auguste-dominique-ingres-paintings-jean-francois-antoine-forest
Jean-Auguste-Dominique Ingres,"Mrs Charles Badham, Born Margaret Cambpell",https://www.oilpaintings.com/jean-auguste-dominique-ingres-paintings-mrs-charles-badham-born-margaret-cambpell
Jean-Auguste-Dominique Ingres,"Madame de Senonnes, Nee Marie-Genevieve-Marguerite Marcoz, Later Vicomtess de Senonnes
",https://www.oilpaintings.com/jean-auguste-dominique-ingres-paintings-madame-de-senonnes-nee-marie-genevieve-marguerite-marcoz-later-vicomtess-de-senonnes
Jean-Auguste-Dominique Ingres,The Alexandre Lethiere Family,https://www.oilpaintings.com/jean-auguste-dominique-ingres-paintings-the-alexandre-lethiere-family
Jean-Auguste-Dominique Ingres,"Madame Charles Simart, Born Amelie Baltard",https://www.oilpaintings.com/jean-auguste-dominique-ingres-paintings-madame-charles-simart-born-amelie-baltard
Jean-Auguste-Dominique Ingres,"Venus, Wounded by Diomedes, Returns to Olympus",https://www.oilpaintings.com/jean-auguste-dominique-ingres-paintings-venus-wounded-by-diomedes-returns-to-olympus
Jean-Auguste-Dominique Ingres,The Reverend Joseph Church,https://www.oilpaintings.com/jean-auguste-dominique-ingres-paintings-the-reverend-joseph-church
Jean-Auguste-Dominique Ingres,"Otto Magnus von Stackelberg and, Possibly, Jackob Linckh",https://www.oilpaintings.com/jean-auguste-dominique-ingres-paintings-otto-magnus-von-stackelberg-and-possibly-jackob-linckh
Jean-Auguste-Dominique Ingres,Philbert Riviere,https://www.oilpaintings.com/jean-auguste-dominique-ingres-paintings-philbert-riviere
Jean-Auguste-Dominique Ingres,"Portrait of a Man, possible Edme Bochet",https://www.oilpaintings.com/jean-auguste-dominique-ingres-paintings-portrait-of-a-man-possible-edme-bochet
Jean-Auguste-Dominique Ingres,Pierre Francois Henri Labrouste,https://www.oilpaintings.com/jean-auguste-dominique-ingres-paintings-pierre-francois-henri-labrouste
Jean-Auguste-Dominique Ingres,"Mrs Charles Thomas Thruston, Born Frances Edwards",https://www.oilpaintings.com/jean-auguste-dominique-ingres-paintings-mrs-charles-thomas-thruston-born-frances-edwards
Jean-Auguste-Dominique Ingres,Study for Raphael and the Fornarina,https://www.oilpaintings.com/jean-auguste-dominique-ingres-paintings-study-for-raphael-and-the-fornarina
Jean-Auguste-Dominique Ingres,Maria Luigi Carlo Zenobio Salvatore Cherubini,https://www.oilpaintings.com/jean-auguste-dominique-ingres-paintings-maria-luigi-carlo-zenobio-salvatore-cherubini
Jean-Auguste-Dominique Ingres,The Sculptor Paul Lemoyne,https://www.oilpaintings.com/jean-auguste-dominique-ingres-paintings-the-sculptor-paul-lemoyne
Jean-Auguste-Dominique Ingres,"Study of Baronne James de Rothschild, Born Betty von Rothschild",https://www.oilpaintings.com/jean-auguste-dominique-ingres-paintings-study-of-baronne-james-de-rothschild-born-betty-von-rothschild
Jean-Auguste-Dominique Ingres,"Vicomtess Othenin d'Haussonville, nee Louise-Albertine de Broglie",https://www.oilpaintings.com/jean-auguste-dominique-ingres-paintings-vicomtess-othenin-dhaussonville-nee-louise-albertine-de-broglie
Jean-Auguste-Dominique Ingres,"Study for Vicomtesse d'Hausonville, born Louise Albertine de Broglie",https://www.oilpaintings.com/jean-auguste-dominique-ingres-paintings-study-for-vicomtesse-dhausonville-born-louise-albertine-de-broglie
Henry Inman,A Gentleman of the Wilkes Family,https://www.oilpaintings.com/henry-inman-paintings-a-gentleman-of-the-wilkes-family
Henry Inman,The Children of Bishop George W. Doane,https://www.oilpaintings.com/henry-inman-paintings-the-children-of-bishop-george-w-doane
Henry Inman,Trout Fishing in Sullivan County,https://www.oilpaintings.com/henry-inman-paintings-trout-fishing-in-sullivan-county
Henry Inman,Janet Halleck Drake,https://www.oilpaintings.com/henry-inman-paintings-janet-halleck-drake
Henry Inman,Martin Van Buren,https://www.oilpaintings.com/henry-inman-paintings-martin-van-buren
Henry Inman,The Young Fisherman,https://www.oilpaintings.com/henry-inman-paintings-the-young-fisherman
Henry Inman,Levi Arnold,https://www.oilpaintings.com/henry-inman-paintings-levi-arnold
Henry Inman,Mrs. Albert Bridges,https://www.oilpaintings.com/henry-inman-paintings-mrs-albert-bridges
Henry Inman,Henry G. Stebbins,https://www.oilpaintings.com/henry-inman-paintings-henry-g-stebbins
Henry Inman,William Charles Macready as William Tell,https://www.oilpaintings.com/henry-inman-paintings-william-charles-macready-as-william-tell
John Obrien Inman,Bathing Beauties on the Hudson,https://www.oilpaintings.com/john-obrien-inman-paintings-bathing-beauties-on-the-hudson
John Obrien Inman,"Moonlight Skating, Central Park, the Terrace and Lake",https://www.oilpaintings.com/john-obrien-inman-paintings-moonlight-skating-central-park-the-terrace-and-lake
John Obrien Inman,Napping,https://www.oilpaintings.com/john-obrien-inman-paintings-napping
John Obrien Inman,Catching Up on the News,https://www.oilpaintings.com/john-obrien-inman-paintings-catching-up-on-the-news
George Inness,A Bit of Roman Aqueduct,https://www.oilpaintings.com/george-inness-paintings-a-bit-of-roman-aqueduct
George Inness,A Breezy Autumn,https://www.oilpaintings.com/george-inness-paintings-a-breezy-autumn
George Inness,The Valley of the Shadow of Death,https://www.oilpaintings.com/george-inness-paintings-the-valley-of-the-shadow-of-death
George Inness,Autumn Oaks,https://www.oilpaintings.com/george-inness-paintings-autumn-oaks
George Inness,Christmas Eve also known as Winter Moonlight,https://www.oilpaintings.com/george-inness-paintings-christmas-eve-also-known-as-winter-moonlight
George Inness,The Home of the Heron,https://www.oilpaintings.com/george-inness-paintings-the-home-of-the-heron
George Inness,"Medfield, Massachusetts",https://www.oilpaintings.com/george-inness-paintings-medfield-massachusetts
George Inness,Delaware Water Gap,https://www.oilpaintings.com/george-inness-paintings-delaware-water-gap
George Inness,A Passing Shower,https://www.oilpaintings.com/george-inness-paintings-a-passing-shower
George Inness,Catskill Mountains,https://www.oilpaintings.com/george-inness-paintings-catskill-mountains
George Inness,"Hackensack Meadows, Sunset",https://www.oilpaintings.com/george-inness-paintings-hackensack-meadows-sunset
George Inness,"A Gray, Lowery Day",https://www.oilpaintings.com/george-inness-paintings-a-gray-lowery-day
George Inness,Rural Landscape,https://www.oilpaintings.com/george-inness-paintings-rural-landscape
George Inness,Harvest Moon,https://www.oilpaintings.com/george-inness-paintings-harvest-moon
George Inness,Along the Jersey Shore,https://www.oilpaintings.com/george-inness-paintings-along-the-jersey-shore
George Inness,California,https://www.oilpaintings.com/george-inness-paintings-california
George Inness,Autumn Meadows,https://www.oilpaintings.com/george-inness-paintings-autumn-meadows
George Inness,Across the Campagna,https://www.oilpaintings.com/george-inness-paintings-across-the-campagna
George Inness,Afterglow,https://www.oilpaintings.com/george-inness-paintings-afterglow
George Inness,"George Inness's Home, Tarpon Springs, Florida",https://www.oilpaintings.com/george-innesss-home-tarpon-springs-florida
George Inness,Golden Sunset,https://www.oilpaintings.com/george-inness-paintings-golden-sunset
George Inness,The Elm,https://www.oilpaintings.com/george-inness-paintings-the-elm
George Inness,Castel Gandolfo,https://www.oilpaintings.com/george-inness-paintings-castel-gandolfo
George Inness,Sunrise,https://www.oilpaintings.com/george-inness-paintings-sunrise
George Inness,Peace and Plenty,https://www.oilpaintings.com/george-inness-paintings-peace-and-plenty
George Inness,Olive Trees at Tivoli,https://www.oilpaintings.com/george-inness-paintings-olive-trees-at-tivoli
George Inness,Berkshire Hills,https://www.oilpaintings.com/george-inness-paintings-berkshire-hills
George Inness,Clearing Up,https://www.oilpaintings.com/george-inness-paintings-clearing-up
George Inness,"Early Moonrise, Florida also known as Early Morning, Florida",https://www.oilpaintings.com/george-inness-paintings-early-moonrise-florida-also-known-as-early-morning-florida
George Inness,End of Day,https://www.oilpaintings.com/george-inness-paintings-end-of-day
George Inness,"Baberini, Italy",https://www.oilpaintings.com/george-inness-paintings-baberini-italy
George Inness,Home at Montclair,https://www.oilpaintings.com/george-inness-paintings-home-at-montclair
George Inness,"In the Orchard, Milton",https://www.oilpaintings.com/george-inness-paintings-in-the-orchard-milton
George Inness,"Early Morning, Tarpon Springs",https://www.oilpaintings.com/george-inness-paintings-early-morning-tarpon-springs
George Inness,Fisherman in a Stream,https://www.oilpaintings.com/george-inness-paintings-fisherman-in-a-stream
George Inness,Etretat,https://www.oilpaintings.com/george-inness-paintings-etretat
George Inness,Green Marshes,https://www.oilpaintings.com/george-inness-paintings-green-marshes
George Inness,The Monk,https://www.oilpaintings.com/george-inness-paintings-the-monk
George Inness,In the Berkshires,https://www.oilpaintings.com/george-inness-paintings-in-the-berkshires
George Inness,The Old Barn,https://www.oilpaintings.com/george-inness-paintings-the-old-barn
George Inness,"Etretat, Normandy",https://www.oilpaintings.com/george-inness-paintings-etretat-normandy
George Inness,"Morning, Catskill Valley",https://www.oilpaintings.com/george-inness-paintings-morning-catskill-valley
George Inness,Cromwell's Bridge,https://www.oilpaintings.com/george-inness-paintings-cromwells-bridge
George Inness,Hillside at Etretet,https://www.oilpaintings.com/george-inness-paintings-hillside-at-etretet
George Inness,Woodland Scene,https://www.oilpaintings.com/george-inness-paintings-woodland-scene
George Inness,"Early Autumn, Montclair",https://www.oilpaintings.com/george-inness-paintings-early-autumn-montclair
George Inness,Niagara,https://www.oilpaintings.com/george-inness-paintings-niagara
George Inness,"Early Moonrise, Tarpon Springs",https://www.oilpaintings.com/george-inness-paintings-early-moonrise-tarpon-springs
George Inness,The Delaware Water Gap,https://www.oilpaintings.com/george-inness-paintings-the-delaware-water-gap-38663
George Inness,"St. Peter's, Rome",https://www.oilpaintings.com/george-inness-paintings-st-peters-rome
George Inness,Hils and Dales,https://www.oilpaintings.com/george-inness-paintings-hils-and-dales
George Inness,In the Roman Campagna,https://www.oilpaintings.com/george-inness-paintings-in-the-roman-campagna
George Inness,Sunset at Milton,https://www.oilpaintings.com/george-inness-paintings-sunset-at-milton
George Inness,Moonlight in Virginia,https://www.oilpaintings.com/george-inness-paintings-moonlight-in-virginia
George Inness,"Evening at Medfield, Massachusetts",https://www.oilpaintings.com/george-inness-paintings-evening-at-medfield-massachusetts
George Inness,Kearsarge Village,https://www.oilpaintings.com/george-inness-paintings-kearsarge-village
George Inness,Georgia Pines - Afternoon,https://www.oilpaintings.com/george-inness-paintings-georgia-pines-afternoon
George Inness,Landscape-Sunset,https://www.oilpaintings.com/george-inness-paintings-landscape-sunset
George Inness,The Commencement of the Galleria ,https://www.oilpaintings.com/george-inness-paintings-the-commencement-of-the-galleria-42361
George Inness,The Lackaanna Valley,https://www.oilpaintings.com/george-inness-paintings-the-lackaanna-valley
George Inness,The Gloaming,https://www.oilpaintings.com/george-inness-paintings-the-gloaming
George Inness,The Coming Storm also known as Approaching Storm,https://www.oilpaintings.com/george-inness-paintings-the-coming-storm-also-known-as-approaching-storm
George Inness,Sunset at Montclair,https://www.oilpaintings.com/george-inness-paintings-sunset-at-montclair
George Inness,Sunset Landscape,https://www.oilpaintings.com/george-inness-paintings-sunset-landscape
George Inness,Landscape with Sheep,https://www.oilpaintings.com/george-inness-paintings-landscape-with-sheep
George Inness,Marine off Big Rock,https://www.oilpaintings.com/george-inness-paintings-marine-off-big-rock
George Inness,"Spring Blossoms, Montclair, New Jersey",https://www.oilpaintings.com/george-inness-paintings-spring-blossoms-montclair-new-jersey
George Inness,Perugia,https://www.oilpaintings.com/george-inness-paintings-perugia
George Inness,Pastoral Landscape at Sunset,https://www.oilpaintings.com/george-inness-paintings-pastoral-landscape-at-sunset
George Inness,Stormy Day,https://www.oilpaintings.com/george-inness-paintings-stormy-day
George Inness,l Vacher,https://www.oilpaintings.com/george-inness-paintings-l-vacher
George Inness,"Frosty Morning, Montclair",https://www.oilpaintings.com/george-inness-paintings-frosty-morning-montclair
George Inness,Lake Albano,https://www.oilpaintings.com/george-inness-paintings-lake-albano
George Inness,October,https://www.oilpaintings.com/george-inness-paintings-october
George Inness,Landscape with Farmhouse,https://www.oilpaintings.com/george-inness-paintings-landscape-with-farmhouse
George Inness,Sunset at Etretat,https://www.oilpaintings.com/george-inness-paintings-sunset-at-etretat
George Inness,"Italian Lanscape with Adueduct
",https://www.oilpaintings.com/george-inness-paintings-italian-lanscape-with-adueduct
George Inness,October Noon,https://www.oilpaintings.com/george-inness-paintings-october-noon
George Inness,Near the Delaware Water Gap,https://www.oilpaintings.com/george-inness-paintings-near-the-delaware-water-gap
George Inness,Sunset Glow,https://www.oilpaintings.com/george-inness-paintings-sunset-glow
George Inness,Phantom Sea,https://www.oilpaintings.com/george-inness-paintings-phantom-sea
George Inness,Harvest Scene in the Delaware Valley,https://www.oilpaintings.com/george-inness-paintings-harvest-scene-in-the-delaware-valley
George Inness,The Huntsman,https://www.oilpaintings.com/george-inness-paintings-the-huntsman
George Inness,Sundown,https://www.oilpaintings.com/george-inness-paintings-sundown
George Inness,"Sunset, Etretat",https://www.oilpaintings.com/george-inness-paintings-sunset-etretat
George Inness,Montclair Evening,https://www.oilpaintings.com/george-inness-paintings-montclair-evening
George Inness,Near Perugia,https://www.oilpaintings.com/george-inness-paintings-near-perugia
George Inness,Visionary Landscape,https://www.oilpaintings.com/george-inness-paintings-visionary-landscape
George Inness,Near Montclair,https://www.oilpaintings.com/george-inness-paintings-near-montclair
George Inness,Summer Days,https://www.oilpaintings.com/george-inness-paintings-summer-days
George Inness,Monastery at Albano,https://www.oilpaintings.com/george-inness-paintings-monastery-at-albano
George Inness,Slow Fading Day,https://www.oilpaintings.com/george-inness-paintings-slow-fading-day
George Inness,Midsummer,https://www.oilpaintings.com/george-inness-paintings-midsummer
George Inness,"Summer, Montclair also known as New Jersey Landscape",https://www.oilpaintings.com/george-inness-paintings-summer-montclair-also-known-as-new-jersey-landscape
George Inness,The Trout Brook,https://www.oilpaintings.com/george-inness-paintings-the-trout-brook
George Inness,Passing Clouds,https://www.oilpaintings.com/george-inness-paintings-passing-clouds
George Inness,The Pasture,https://www.oilpaintings.com/george-inness-paintings-the-pasture
George Inness,From the Sawangunk Mountains,https://www.oilpaintings.com/george-inness-paintings-from-the-sawangunk-mountains
George Inness,Perugia and the Valley,https://www.oilpaintings.com/george-inness-paintings-perugia-and-the-valley
George Inness,The Valley,https://www.oilpaintings.com/george-inness-paintings-the-valley
George Inness,Montclair also known as The Rainbow,https://www.oilpaintings.com/george-inness-paintings-montclair-also-known-as-the-rainbow
George Inness,Sacco Ford: Conway Meadows,https://www.oilpaintings.com/george-inness-paintings-sacco-ford-conway-meadows
George Inness,"The Peqonic, New Jersey",https://www.oilpaintings.com/george-inness-paintings-the-peqonic-new-jersey
George Inness,"Winter Evening, Montclair",https://www.oilpaintings.com/george-inness-paintings-winter-evening-montclair
George Inness,Landscape Near Perugia,https://www.oilpaintings.com/george-inness-paintings-landscape-near-perugia
George Inness,Landscape with Figure,https://www.oilpaintings.com/george-inness-paintings-landscape-with-figure
George Inness,Sundown Near Montclair,https://www.oilpaintings.com/george-inness-paintings-sundown-near-montclair
George Inness,Sunset on a Meadow,https://www.oilpaintings.com/george-inness-paintings-sunset-on-a-meadow
George Inness,Homeward,https://www.oilpaintings.com/george-inness-paintings-homeward
George Inness,The Brook,https://www.oilpaintings.com/george-inness-paintings-the-brook
George Inness,"Winter, Close of Day also known as A Winter Day",https://www.oilpaintings.com/george-inness-paintings-winter-close-of-day-also-known-as-a-winter-day
George Inness,Pond at Milton on the Hudson,https://www.oilpaintings.com/george-inness-paintings-pond-at-milton-on-the-hudson
George Inness,"The Lone Farm, Nantucket",https://www.oilpaintings.com/george-inness-paintings-the-lone-farm-nantucket
George Inness,"Gray Day, Goochland, Virgnia",https://www.oilpaintings.com/george-inness-paintings-gray-day-goochland-virgnia
George Inness,Morning,https://www.oilpaintings.com/george-inness-paintings-morning
George Inness,Gethering Clouds,https://www.oilpaintings.com/george-inness-paintings-gethering-clouds
George Inness,"Summer Days, Cattle Drinking Late Summer, Early Autumn",https://www.oilpaintings.com/george-inness-paintings-summer-days-cattle-drinking-late-summer-early-autumn
George Inness,Pine Grove of the Barberini Villa,https://www.oilpaintings.com/george-inness-paintings-pine-grove-of-the-barberini-villa
George Inness,Woman with Calf,https://www.oilpaintings.com/george-inness-paintings-woman-with-calf
George Inness,"Winter Morning, Montclair",https://www.oilpaintings.com/george-inness-paintings-winter-morning-montclair
George Inness,"The Pequonic, New Jersey",https://www.oilpaintings.com/george-inness-paintings-the-pequonic-new-jersey
George Inness,Woods at Montclair,https://www.oilpaintings.com/george-inness-paintings-woods-at-montclair
George Inness,Twilight in Venice,https://www.oilpaintings.com/george-inness-paintings-twilight-in-venice
George Inness,Late Afternoon,https://www.oilpaintings.com/george-inness-paintings-late-afternoon
George Inness,"Near the Village, October",https://www.oilpaintings.com/george-inness-paintings-near-the-village-october
George Inness,"Hazy Morning, Montclair",https://www.oilpaintings.com/george-inness-paintings-hazy-morning-montclair
George Inness,Shower on the Deleware River,https://www.oilpaintings.com/george-inness-paintings-shower-on-the-deleware-river
George Inness,Landscape with Pond,https://www.oilpaintings.com/george-inness-paintings-landscape-with-pond
George Inness,Shepherd in a Landscape,https://www.oilpaintings.com/george-inness-paintings-shepherd-in-a-landscape
George Inness,Valley Near Perugia,https://www.oilpaintings.com/george-inness-paintings-valley-near-perugia
George Inness,The Pond,https://www.oilpaintings.com/george-inness-paintings-the-pond
George Inness,"Sunset, Golden Glow",https://www.oilpaintings.com/george-inness-paintings-sunset-golden-glow
George Inness,"Monte Lucia, Perugia",https://www.oilpaintings.com/george-inness-paintings-monte-lucia-perugia
George Inness,The Commencement of the Galleria,https://www.oilpaintings.com/george-inness-paintings-the-commencement-of-the-galleria
George Inness,Shades of Evening,https://www.oilpaintings.com/george-inness-paintings-shades-of-evening
George Inness,"Moonlight, Tarpon Springs, Florida",https://www.oilpaintings.com/george-inness-paintings-moonlight-tarpon-springs-florida
George Inness,"Springtime, Montclair",https://www.oilpaintings.com/george-inness-paintings-springtime-montclair
George Inness,Old Elm at Medfield,https://www.oilpaintings.com/george-inness-paintings-old-elm-at-medfield
George Inness,Near Hastings,https://www.oilpaintings.com/george-inness-paintings-near-hastings
George Inness,The Old Oak,https://www.oilpaintings.com/george-inness-paintings-the-old-oak
George Inness,"The Shower, Montclair, New Jersey",https://www.oilpaintings.com/george-inness-paintings-the-shower-montclair-new-jersey
George Inness,The Delaware Valley,https://www.oilpaintings.com/george-inness-paintings-the-delaware-valley
George Inness,Pompton Junction,https://www.oilpaintings.com/george-inness-paintings-pompton-junction
George Inness,The Far Horizon,https://www.oilpaintings.com/george-inness-paintings-the-far-horizon
George Inness,"Summer, Montclair",https://www.oilpaintings.com/george-inness-paintings-summer-montclair
George Inness,"View of St. Peter's, Rome",https://www.oilpaintings.com/george-inness-paintings-view-of-st-peters-rome
George Inness,Passing Clouds also known as Passing Shower,https://www.oilpaintings.com/george-inness-paintings-passing-clouds-also-known-as-passing-shower
George Inness,Washing Day near Perugia also known as Italian Washerwomen,https://www.oilpaintings.com/george-inness-paintings-washing-day-near-perugia-also-known-as-italian-washerwomen
George Inness,The Clouded Sun,https://www.oilpaintings.com/george-inness-paintings-the-clouded-sun
George Inness,The Log,https://www.oilpaintings.com/george-inness-paintings-the-log
George Inness,"North Conway, White Horse Ledge",https://www.oilpaintings.com/george-inness-paintings-north-conway-white-horse-ledge
George Inness,The Palisaides,https://www.oilpaintings.com/george-inness-paintings-the-palisaides
George Inness,The Sun Shower,https://www.oilpaintings.com/george-inness-paintings-the-sun-shower
George Inness,The Perugian Valley,https://www.oilpaintings.com/george-inness-paintings-the-perugian-valley
George Inness,White Turkeys,https://www.oilpaintings.com/george-inness-paintings-white-turkeys
Wilson Irvine,Indian Summer Days,https://www.oilpaintings.com/wilson-irvine-paintings-indian-summer-days
Eugene Isabey,A Village by the Sea,https://www.oilpaintings.com/eugene-isabey-paintings-a-village-by-the-sea
Eugene Isabey,After a Storm,https://www.oilpaintings.com/eugene-isabey-paintings-after-a-storm
Eugene Isabey,Louis XIV Entering Paris,https://www.oilpaintings.com/eugene-isabey-paintings-louis-xiv-entering-paris
Eugene Isabey,Beach at Low Tide,https://www.oilpaintings.com/eugene-isabey-paintings-beach-at-low-tide
Eugene Isabey,Hurricane Before Saint Malo,https://www.oilpaintings.com/eugene-isabey-paintings-hurricane-before-saint-malo
Eugene Isabey,The Storm also known as Shipwreck,https://www.oilpaintings.com/eugene-isabey-paintings-the-storm-also-known-as-shipwreck
Eugene Isabey,The Cardinal's Reception,https://www.oilpaintings.com/eugene-isabey-paintings-the-cardinals-reception
Eugene Isabey,Figures Outside A Doorway,https://www.oilpaintings.com/eugene-isabey-paintings-figures-outside-a-doorway
Eugene Isabey,Retour Au Port,https://www.oilpaintings.com/eugene-isabey-paintings-retour-au-port
Eugene Isabey,Coastal Landscape with Boats and Constructions,https://www.oilpaintings.com/eugene-isabey-paintings-coastal-landscape-with-boats-and-constructions
Eugene Isabey,Scene De Port,https://www.oilpaintings.com/eugene-isabey-paintings-scene-de-port
Eugene Isabey,Un Porte en Bretagne,https://www.oilpaintings.com/eugene-isabey-paintings-un-porte-en-bretagne
Eugene Isabey,La Procession,https://www.oilpaintings.com/eugene-isabey-paintings-la-procession
Eugene Isabey,Sailing near the Coast,https://www.oilpaintings.com/eugene-isabey-paintings-sailing-near-the-coast
Eugene Isabey,Repas Dans Un Couvent,https://www.oilpaintings.com/eugene-isabey-paintings-repas-dans-un-couvent
Eugene Isabey,Riders on the Beach with Ship,https://www.oilpaintings.com/eugene-isabey-paintings-riders-on-the-beach-with-ship
Eugene Isabey,The Temptation of St. Anthony,https://www.oilpaintings.com/eugene-isabey-paintings-the-temptation-of-st-anthony
Eugene Isabey,Rocks at Saint-Malo,https://www.oilpaintings.com/eugene-isabey-paintings-rocks-at-saint-malo
Jean-Baptist Isabey,Prince August of Prussia,https://www.oilpaintings.com/jean-baptist-isabey-paintings-prince-august-of-prussia
Jean-Baptist Isabey,The Empress Josephine,https://www.oilpaintings.com/jean-baptist-isabey-paintings-the-empress-josephine
Jean-Baptist Isabey,The Museum Stairway,https://www.oilpaintings.com/jean-baptist-isabey-paintings-the-museum-stairway
Adriaen Isenbrant,Our Lady of the Seven Sorrows,https://www.oilpaintings.com/adriaen-isenbrant-paintings-our-lady-of-the-seven-sorrows
Adriaen Isenbrant,"Archangel St Michael, St Andrew and St Francis of Assisi",https://www.oilpaintings.com/adriaen-isenbrant-paintings-archangel-st-michael-st-andrew-and-st-francis-of-assisi
Adriaen Isenbrant,Rest During the Flight to Egypt,https://www.oilpaintings.com/adriaen-isenbrant-paintings-rest-during-the-flight-to-egypt
Adriaen Isenbrant,Portrait of Paulus de Nigro,https://www.oilpaintings.com/adriaen-isenbrant-paintings-portrait-of-paulus-de-nigro
Adriaen Isenbrant,Virgin and Child Enthroned,https://www.oilpaintings.com/adriaen-isenbrant-paintings-virgin-and-child-enthroned
Adriaen Isenbrant,The Mass Of St. Gregory,https://www.oilpaintings.com/adriaen-isenbrant-paintings-the-mass-of-st-gregory
Isaac Lazerus Israels,Het Dure Hoedje,https://www.oilpaintings.com/isaac-lazerus-israels-paintings-het-dure-hoedje
Jozef Israels,A Fishergirl On A Dunetop Overlooking The Sea,https://www.oilpaintings.com/jozef-israels-paintings-a-fishergirl-on-a-dunetop-overlooking-the-sea
Jozef Israels,A Frugal Meal,https://www.oilpaintings.com/jozef-israels-paintings-a-frugal-meal
Jozef Israels,Anxiously Waiting,https://www.oilpaintings.com/jozef-israels-paintings-anxiously-waiting
Jozef Israels,Awaiting The Fisherman's Return,https://www.oilpaintings.com/jozef-israels-paintings-awaiting-the-fishermans-return
Jozef Israels,A Woman Sewing,https://www.oilpaintings.com/jozef-israels-paintings-a-woman-sewing
Jozef Israels,Awaiting The Fishermen's Return,https://www.oilpaintings.com/jozef-israels-paintings-awaiting-the-fishermens-return
Jozef Israels,Gathering Faggots,https://www.oilpaintings.com/jozef-israels-paintings-gathering-faggots
Jozef Israels,A Jewish Wedding,https://www.oilpaintings.com/jozef-israels-paintings-a-jewish-wedding
Jozef Israels,A Jewish Wedding Detail,https://www.oilpaintings.com/jozef-israels-paintings-a-jewish-wedding-detail
Jozef Israels,Three Women Knitting by the Sea,https://www.oilpaintings.com/jozef-israels-paintings-three-women-knitting-by-the-sea
Jozef Israels,Maternity,https://www.oilpaintings.com/jozef-israels-paintings-maternity
Jozef Israels,The Fisherman,https://www.oilpaintings.com/jozef-israels-paintings-the-fisherman
Jozef Israels,In Grandfathers Arms,https://www.oilpaintings.com/jozef-israels-paintings-in-grandfathers-arms
Jozef Israels,The Quiet Moment,https://www.oilpaintings.com/jozef-israels-paintings-the-quiet-moment
Jozef Israels,Mother and Child by the Sea,https://www.oilpaintings.com/jozef-israels-paintings-mother-and-child-by-the-sea
Jozef Israels,On Mothers Lap,https://www.oilpaintings.com/jozef-israels-paintings-on-mothers-lap
Jozef Israels,Mending By A Window,https://www.oilpaintings.com/jozef-israels-paintings-mending-by-a-window
Jozef Israels,Peasant Woman by a Hearth,https://www.oilpaintings.com/jozef-israels-paintings-peasant-woman-by-a-hearth
Anton Ivanovich Ivanov,"Fishing Vessels off a Jetty, Believed to be Costroma Russia",https://www.oilpaintings.com/anton-ivanovich-ivanov-paintings-fishing-vessels-off-a-jetty-believed-to-be-costroma-russia
Bela Ivanyi-Grunwald,Drying Clothes,https://www.oilpaintings.com/bela-ivanyi-grunwald-paintings-drying-clothes
Bela Ivanyi-Grunwald,Village Scene,https://www.oilpaintings.com/bela-ivanyi-grunwald-paintings-village-scene
Bela Ivanyi-Grunwald,In the Valley,https://www.oilpaintings.com/bela-ivanyi-grunwald-paintings-in-the-valley
Bela Ivanyi-Grunwald,Market of Kecskemet in Winter,https://www.oilpaintings.com/bela-ivanyi-grunwald-paintings-market-of-kecskemet-in-winter
Bela Ivanyi-Grunwald,View of Nagybanya with Gutin,https://www.oilpaintings.com/bela-ivanyi-grunwald-paintings-view-of-nagybanya-with-gutin
Jacques Iverny,Hero and Heroine Detail,https://www.oilpaintings.com/jacques-iverny-paintings-hero-and-heroine-detail
Percy Ives,Benjamin Comfort,https://www.oilpaintings.com/percy-ives-paintings-benjamin-comfort
Percy Ives,The First Board of Trustees of the Detroit Museum of Art,https://www.oilpaintings.com/percy-ives-paintings-the-first-board-of-trustees-of-the-detroit-museum-of-art
